set search_path to Listen_In;

insert into Artist(name, birth_place)
values ('Scarlett Rivers',   'Trois-Rivieres'),
       ('Midnight Sun',      'Sun-Valley'),
       ('Nova',              'Moon-Crest'),
       ('Orion',             'Nevada'),
       ('Phoenix Rose',      'Phoenix'),
       ('Astral',            'Florida   '),
       ('Luna Vega',         'Nevada'),
       ('Echo',              'Florida'),
       ('Ember Knight',      'Moon-Crest'),
       ('Seraphina',         'Nevada');


insert into "User"(username, email, password)
values ('music_lover', 'mlover@project.com',  'project'),
       ('love_music',  'lmusic@project.com',  'project'),
       ('sound',       'sound@project.com',   'project');

insert into Tour(name, date, city, start_time, featured_artist)
values ('Whispered Melodies Tour', '2019/05/08', 'Montreal',  '19:00',    2),
       ('Enchanted Dreams Tour',   '2021/05/08', 'Montreal',  '19:00',    3),
       ('Starlight Symphony Tour', '2023/05/08', 'Montreal',  '19:00',    null),
       ('Nocturnal Symphony Tour', '2018/07/09', 'London',    '20:00',    null),
       ('Eternal Shadows Tour',    '2020/05/10', 'Amsterdam', '20:00',    null),
       ('Stellar Awakening Tour',  '2017/05/09', 'Ottawa',    '20:00',    null),
       ('Celestial Dreams Tour',   '2023/05/10', 'Toronto',   '20:00',    null);



insert into Record_Label(name, address)
values ('Moonlight Records',    '123 Music Rd.'),
       ('Starshine Music',      '234 Melody Lane'),
       ('Crystal Sound',        '28 Art Drive'),
       ('Neon Records',         '1 Country St.'),
       ('R & R Inc',            '145 Riverdale Cir.'),
       ('Smooth Vibe Ent.',     '789 Drum Valley'),
       ('Hall Of Fame Music',   '2 Rock n Roll Creek');

insert into Albums(name, release_date, duration, record_id, tour_id)
values ('Whispered Melodies' , '2018/05/08', '1:55:29',  1, 1),
       ('Enchanted Dreams',    '2020/08/08', '1:43:29',  2, 2),
       ('Starlight Symphony',  '2022/04/08', '1:27:29',  3, 3),
       ('Nocturnal Symphony',  '2019/05/08', '1:20:29',  4, 4),
       ('Eternal Shadows',     '2021/05/08', '1:15:29',  5, 5),
       ('Moonlit Dreams',      '2023/05/08', '1:54:29',  6, 6),
       ('Stellar Awakening' ,  '2018/05/08', '1:55:29',  1, 7),
       ('Celestial Dreams',    '2020/08/08', '1:43:29',  2, 1),
       ('Ignited Souls Tour',  '2022/04/08', '1:27:29',  3, 2),
       ('Flames of Passion',   '2019/05/08', '1:20:29',  4, 3);

insert into Producer(name)
values ('Max Reynolds'),
       ('Liam Harrison'),
       ('Gabriel Martinez'),
       ('Sophia Thompson'),
       ('Ethan Mitchell'),
       ('Oliver Anderson'),
       ('Javier Morales'),
       ('Olivia Campbell'),
       ('Nathan Wilson'),
       ('Benjamin Roberts');



insert into Song(title, genre, duration, release_date, tour_id)
values ('Fading Lights' ,       'rap',         '5:00', '2019/02/20', 1),
       ('Midnight Whispers',    'hip-hop',     '2:19', '2019/02/21', 1),
       ('City of Stars',        'country',     '2:49', '2019/02/21', 1),
       ('Broken Dreams',        'R&B',         '3:06', '2019/04/20', 1),
       ('Lost in Paradise',     'rap',         '3:00', '2020/04/20', 1),
       ('Wildfire',             'country',     '3:00', '2020/02/21', null),
       ('Electric Love' ,       'rap',         '6:01', '2020/02/20', 1),
       ('Heartbeat',            'hip-hop',     '2:59', '2020/02/21', 1),
       ('Unbreakable',          'country',     '2:51', '2021/02/21', 2),
       ('Dancing in the Rain',  'R&B',         '3:00', '2021/04/20', 2),
       ('Echoes of Tomorrow',   'rap',         '4:00', '2021/04/20', 2),
       ('Silent Symphony',      'country',     '3:37', '2021/02/21', null),
       ('Eternal Flame' ,       'rap',         '6:02', '2021/02/20', 2),
       ('Secrets Unveiled',     'hip-hop',     '2:00', '2021/02/21', 2),
       ('Celestial Serenade',   'country',     '2:40', '2021/02/21', 2),
       ('Mystic Meadows',       'R&B',         '3:28', '2022/04/20', 3),
       ('Whispering Winds',     'rap',         '2:40', '2022/04/20', 3),
       ('Twilight Embrace',     'country',     '3:00', '2022/02/21', null),
       ('Glimmering Horizon' ,  'rap',         '2:30', '2022/02/20', 3),
       ('Serenity''s Song',     'hip-hop',     '2:23', '2022/02/21', 3),
       ('Unbreakable',          'country',     '2:00', '2022/02/21', 3),
       ('Dancing in the Rain',  'R&B',         '3:07', '2022/04/20', 3),
       ('Echoes of Tomorrow',   'rap',         '2:50', '2023/04/20', 3),
       ('Silent Symphony',      'country',     '3:00', '2023/02/21', 3),
       ('Dancing Shadows',      'rap',         '2:40', '2023/02/20', 4),
       ('Eternal Night',        'hip-hop',     '2:59', '2023/02/21', 4),
       ('Moonlit Reverie',      'country',     '2:49', '2023/02/21', 4),
       ('Whispered Secrets',    'R&B',         '3:00', '2023/04/20', 4),
       ('Starry Eyes',          'rap',         '2:07', '2023/04/20', 4),
       ('Nocturnal Serenade',   'country',     '3:00', '2023/02/21', null),
       ('Mystic Journey' ,      'rap',         '3:30', '2023/02/20', 5),
       ('Celestial Awakening',  'hip-hop',     '2:00', '2023/02/21', 5),
       ('Frozen Dreams',        'country',     '2:09', '2023/02/21', 5),
       ('Wandering Soul',       'R&B',         '3:00', '2023/04/20', 5),
       ('Melancholy Moon',      'rap',         '4:00', '2023/04/20', 5),
       ('Silent Reflections',   'rap',         '2:50', '2023/04/20', 5),
       ('Enchanted Embrace',    'country',     '3:56', '2023/02/21', null),
       ('Lost in the Dark' ,    'rap',         '5:34', '2023/02/20', 6),
       ('Shadows of Love',      'hip-hop',     '2:23', '2023/02/21', 6),
       ('Midnight Sonata',      'country',     '2:04', '2023/02/21', 6),
       ('Secret Garden',        'R&B',         '3:06', '2022/04/20', 6),
       ('Dark Paradise',        'rap',         '2:45', '2022/04/20', 6),
       ('Eclipse',              'country',     '3:03', '2021/02/21', null),
       ('Silhouette' ,          'rap',         '2:00', '2021/02/20', 6);


insert into Music_Video(title, duration, release_date)
values ('Fading Lights' ,       '3:34',     '2018/03/15'),
       ('City of Stars',        '2:49',     '2018/03/21'),
       ('Lost in Paradise',     '4:20',     '2018/04/30'),
       ('Electric Love',        '3:16',     '2018/03/10'),
       ('Unbreakable',          '4:23',     '2018/02/27'),
       ('Dancing in the Rain',  '3:00',     '2018/05/01'),
       ('Silent Symphony',      '3:09',     '2018/03/21'),
       ('Secrets Unveiled',     '2:26',     '2018/02/25'),
       ('Mystic Meadows',       '3:39',     '2018/04/28'),
       ('Twilight Embrace',     '3:54',     '2018/02/26'),
       ('Unbreakable',          '2:28',     '2018/03/07'),
       ('Celestial Serenade',   '2:59',     '2018/03/02');

insert into Featured_Artist(artist_id, song_id)
values (10,  2),
       (9,   3),
       (8,   4),
       (7,   5),
       (3,   8),
       (4,  25),
       (6,  42),
       (1,  38),
       (5,  43),
       (2,  14),
       (7,  18),
       (3,  17),
       (4,  29),
       (1,  20);


insert into Artist_Song (artist_id,song_id)
values (1,   1),
       (2,   2),
       (3,   3),
       (4,   4),
       (5,   5),
       (6,   6),
       (7,   7),
       (8,   8),
       (9,   9),
       (10, 10),
       (1,  11),
       (2,  12),
       (3,  13),
       (4,  14),
       (5,  15),
       (6,  16),
       (7,  17),
       (8,  18),
       (9,  19),
       (10, 20),
       (1,  21),
       (2,  22),
       (3,  23),
       (4,  24),
       (5,  25),
       (6,  26),
       (7,  27),
       (8,  28),
       (9,  29),
       (10, 30),
       (1,  31),
       (2,  32),
       (3,  33),
       (4,  34),
       (5,  35),
       (6,  36),
       (7,  37),
       (8,  38),
       (9,  39),
       (10, 40),
       (1,  41),
       (2,  42),
       (3,  43),
       (4,  44);


insert into Artist_Albums (artist_id, album_id)
values (1,   1),
       (2,   2),
       (3,   3),
       (4,   4),
       (5,   5),
       (6,   6),
       (7,   7),
       (8,   8),
       (9,   9),
       (10, 10);


insert into Artist_Music_Video(artist_id, video_id)
values (1,   1),
       (3,   2),
       (5,   3),
       (7,   4),
       (9,   5),
       (10,  6),
       (2,   7),
       (4,   8),
       (6,   9),
       (8,  10),
       (1,  11),
       (7,  12);


insert into Artist_Record_Label (artist_id, record_id)
values (1,   1),
       (2,   2),
       (3,   3),
       (4,   4),
       (5,   5),
       (6,   6),
       (7,   7),
       (8,   5),
       (9,   6),
       (10,  7);


insert into Song_Producer (song_id, producer_id)
values (1,    1),
       (2,    2),
       (3,    3),
       (4,    4),
       (5,    5),
       (6,    6),
       (7,    7),
       (8,    8),
       (9,    9),
       (10,  10),
       (11,   1),
       (12,   2),
       (13,   3),
       (14,   4),
       (15,   5),
       (16,   6),
       (17,   7),
       (18,   8),
       (19,   9),
       (20,  10),
       (21,   1),
       (22,   2),
       (23,   3),
       (24,   4),
       (25,   5),
       (26,   6),
       (27,   7),
       (28,   8),
       (29,   9),
       (30,  10),
       (31,   1),
       (32,   2),
       (33,   3),
       (34,   4),
       (35,   5),
       (36,   6),
       (37,   7),
       (38,   8),
       (39,   9),
       (40,  10),
       (41,   4),
       (42,   5),
       (43,   6),
       (44,   7);


insert into Song_Albums (song_id, album_id)
values (1,    1),
       (2,    2),
       (3,    3),
       (4,    4),
       (5,    5),
       (6,    6),
       (7,    7),
       (8,    8),
       (9,    9),
       (10,  10),
       (11,   1),
       (12,   2),
       (13,   3),
       (14,   4),
       (15,   5),
       (16,   6),
       (17,   7),
       (18,   8),
       (19,   9),
       (20,  10),
       (21,   1),
       (22,   2),
       (23,   3),
       (24,   4),
       (25,   5),
       (26,   6),
       (27,   7),
       (28,   8),
       (29,   9),
       (30,  10),
       (31,   1),
       (32,   2),
       (33,   3),
       (34,   4),
       (35,   5),
       (36,   6),
       (37,   7),
       (38,   8),
       (39,   9),
       (40,  10),
       (41,   4),
       (42,   5),
       (43,   6),
       (44,   7);